Madrid,01/01/2022,100
Madrid,01/01/2022,100
Madrid,01/01/2022,100
Madrid,01/01/2022,100
Madrid,01/01/2022,100
Madrid,01/01/2022,100
Madrid,01/01/2022,100
Madrid,01/01/2022,100
Madrid,01/01/2022,100
Madrid,01/01/2022,100
Madrid,01/01/2022,100
Madrid,01/01/2022,100
Madrid,01/01/2022,100
Madrid,01/01/2022,100
Madrid,01/01/2022,100
Madrid,01/01/2022,100
Madrid,01/01/2022,100
Madrid,01/01/2022,100
Madrid,01/01/2022,100
Madrid,01/01/2022,100
Madrid,01/01/2022,100
Madrid,01/01/2022,100
Madrid,01/01/2022,100
Madrid,01/01/2022,100
Madrid,01/01/2022,100
Madrid,01/01/2022,100
Madrid,01/01/2022,100
Madrid,01/01/2022,100
Madrid,01/01/2022,100
Madrid,01/01/2022,100
Madrid,01/01/2022,100
Madrid,01/01/2022,100
Madrid,01/01/2022,100
Madrid,01/01/2022,100
Madrid,01/01/2022,100
Madrid,01/01/2022,100
Madrid,01/01/2022,100
Madrid,01/01/2022,100
Madrid,01/01/2022,100
Madrid,01/01/2022,100
Madrid,01/01/2022,100
Madrid,01/01/2022,100
Madrid,01/01/2022,100
Madrid,01/01/2022,100
Madrid,01/01/2022,100
Madrid,01/01/2022,100
Madrid,01/01/2022,100
Madrid,01/01/2022,100
Madrid,01/01/2022,100
Madrid,01/01/2022,100
Madrid,01/01/2022,100
Madrid,01/01/2022,100
Madrid,01/01/2022,100
Madrid,01/01/2022,100
Madrid,01/01/2022,100
Madrid,01/01/2022,100
Madrid,01/01/2022,100
Madrid,01/01/2022,100
Madrid,01/01/2022,100
Madrid,01/01/2022,100
Madrid,01/01/2022,100
Madrid,01/01/2022,100
Madrid,01/01/2022,100
Madrid,01/01/2022,100
Madrid,01/01/2022,100
Madrid,01/01/2022,100
Madrid,01/01/2022,100
Madrid,01/01/2022,100
Madrid,01/01/2022,100
Madrid,01/01/2022,100
Madrid,01/01/2022,100
Madrid,01/01/2022,100
Madrid,01/01/2022,100
Madrid,01/01/2022,100
Madrid,01/01/2022,100
Madrid,01/01/2022,100
Madrid,01/01/2022,100
Madrid,01/01/2022,100
Madrid,01/01/2022,100
Madrid,01/01/2022,100
Madrid,01/01/2022,100
Madrid,01/01/2022,100
Madrid,01/01/2022,100
Madrid,01/01/2022,100
Madrid,01/01/2022,100
Madrid,01/01/2022,100
Madrid,01/01/2022,100
Madrid,01/01/2022,100
Madrid,01/01/2022,100
Madrid,01/01/2022,100
Madrid,01/01/2022,100
Madrid,01/01/2022,100
Madrid,01/01/2022,100
Madrid,01/01/2022,100
Madrid,01/01/2022,100
Madrid,01/01/2022,100
Madrid,01/01/2022,100
Madrid,01/01/2022,100
Madrid,01/01/2022,100
Madrid,01/01/2022,100
Madrid,01/01/2022,100
Madrid,01/01/2022,100
Madrid,01/01/2022,100
Madrid,01/01/2022,100
Madrid,01/01/2022,100
Madrid,01/01/2022,100
Madrid,01/01/2022,100
Madrid,01/01/2022,100
Madrid,01/01/2022,100
Madrid,01/01/2022,100
Madrid,01/01/2022,100
Madrid,01/01/2022,100
Madrid,01/01/2022,100
Madrid,01/01/2022,100
Madrid,01/01/2022,100
Madrid,01/01/2022,100
Madrid,01/01/2022,100
Madrid,01/01/2022,100
Madrid,01/01/2022,100
Madrid,01/01/2022,100
Madrid,01/01/2022,100
Madrid,01/01/2022,100
Madrid,01/01/2022,100
Madrid,01/01/2022,100
Madrid,01/01/2022,100
Madrid,01/01/2022,100
Madrid,01/01/2022,100
Madrid,01/01/2022,100
Madrid,01/01/2022,100
Madrid,01/01/2022,100
Madrid,01/01/2022,100
Madrid,01/01/2022,100
Madrid,01/01/2022,100
Madrid,01/01/2022,100
Madrid,01/01/2022,100
Madrid,01/01/2022,100
Madrid,01/01/2022,100
Madrid,01/01/2022,100
Madrid,01/01/2022,100
Madrid,01/01/2022,100
Madrid,01/01/2022,100
Madrid,01/01/2022,100
Madrid,01/01/2022,100
Madrid,01/01/2022,100
Madrid,01/01/2022,100
Madrid,01/01/2022,100
Madrid,01/01/2022,100
Madrid,01/01/2022,100
Madrid,01/01/2022,100
Madrid,01/01/2022,100
Madrid,01/01/2022,100
Madrid,01/01/2022,100
Madrid,01/01/2022,100
Madrid,01/01/2022,100
Madrid,01/01/2022,100
Madrid,01/01/2022,100
Madrid,01/01/2022,100
Madrid,01/01/2022,100
Madrid,01/01/2022,100
Madrid,01/01/2022,100
Madrid,01/01/2022,100
Madrid,01/01/2022,100
Madrid,01/01/2022,100
Madrid,01/01/2022,100
Madrid,01/01/2022,100
Madrid,01/01/2022,100
Madrid,01/01/2022,100
Madrid,01/01/2022,100
Madrid,01/01/2022,100
Madrid,01/01/2022,100
Madrid,01/01/2022,100
Madrid,01/01/2022,100
Madrid,01/01/2022,100
Madrid,01/01/2022,100
Madrid,01/01/2022,100
Madrid,01/01/2022,100
Madrid,01/01/2022,100
Madrid,01/01/2022,100
Madrid,01/01/2022,100
Madrid,01/01/2022,100
Madrid,01/01/2022,100
Madrid,01/01/2022,100
Madrid,01/01/2022,100
Madrid,01/01/2022,100
Madrid,01/01/2022,100
Madrid,01/01/2022,100
Madrid,01/01/2022,100
Madrid,01/01/2022,100
Madrid,01/01/2022,100
Madrid,01/01/2022,100
Madrid,01/01/2022,100
Madrid,01/01/2022,100
Madrid,01/01/2022,100
Madrid,01/01/2022,100
Madrid,01/01/2022,100
Madrid,01/01/2022,100
Madrid,01/01/2022,100
Madrid,01/01/2022,100
Madrid,01/01/2022,100
Madrid,01/01/2022,100
Madrid,01/01/2022,100
Madrid,01/01/2022,100
Madrid,01/01/2022,100
Madrid,01/01/2022,100
Madrid,01/01/2022,100
Madrid,01/01/2022,100
Madrid,01/01/2022,100
Madrid,01/01/2022,100
Madrid,01/01/2022,100
Madrid,01/01/2022,100
Madrid,01/01/2022,100
Madrid,01/01/2022,100
Madrid,01/01/2022,100
Madrid,01/01/2022,100
Madrid,01/01/2022,100
Madrid,01/01/2022,100
Madrid,01/01/2022,100
Madrid,01/01/2022,100
Madrid,01/01/2022,100
Madrid,01/01/2022,100
Madrid,01/01/2022,100
Madrid,01/01/2022,100
Madrid,01/01/2022,100
Madrid,01/01/2022,100
Madrid,01/01/2022,100
Madrid,01/01/2022,100
Madrid,01/01/2022,100
Madrid,01/01/2022,100
Madrid,01/01/2022,100
Madrid,01/01/2022,100
Madrid,01/01/2022,100
Madrid,01/01/2022,100
Madrid,01/01/2022,100
Madrid,01/01/2022,100
Madrid,01/01/2022,100
Madrid,01/01/2022,100
Madrid,01/01/2022,100
Madrid,01/01/2022,100
Madrid,01/01/2022,100
Madrid,01/01/2022,100
Madrid,01/01/2022,100
Madrid,01/01/2022,100
Madrid,01/01/2022,100
Madrid,01/01/2022,100
Madrid,01/01/2022,100
Madrid,01/01/2022,100
Madrid,01/01/2022,100
Madrid,01/01/2022,100
Madrid,01/01/2022,100
Madrid,01/01/2022,100
Madrid,01/01/2022,100
Madrid,01/01/2022,100
Madrid,01/01/2022,100
Madrid,01/01/2022,100
Madrid,01/01/2022,100
Madrid,01/01/2022,100
Madrid,01/01/2022,100
Madrid,01/01/2022,100
Madrid,01/01/2022,100
Madrid,01/01/2022,100
Madrid,01/01/2022,100
Madrid,01/01/2022,100
Madrid,01/01/2022,100
Madrid,01/01/2022,100
Madrid,01/01/2022,100
Madrid,01/01/2022,100
Madrid,01/01/2022,100
Madrid,01/01/2022,100
Madrid,01/01/2022,100
Madrid,01/01/2022,100
Madrid,01/01/2022,100
Madrid,01/01/2022,100
Madrid,01/01/2022,100
Madrid,01/01/2022,100
Madrid,01/01/2022,100
Madrid,01/01/2022,100
Madrid,01/01/2022,100
Madrid,01/01/2022,100
Madrid,01/01/2022,100
Madrid,01/01/2022,100
Madrid,01/01/2022,100
Madrid,01/01/2022,100
Madrid,01/01/2022,100
Madrid,01/01/2022,100
Madrid,01/01/2022,100
Madrid,01/01/2022,100
Madrid,01/01/2022,100
Madrid,01/01/2022,100
Madrid,01/01/2022,100
Madrid,01/01/2022,100
Madrid,01/01/2022,100
Madrid,01/01/2022,100
Madrid,01/01/2022,100
Madrid,01/01/2022,100
Madrid,01/01/2022,100
Madrid,01/01/2022,100
Madrid,01/01/2022,100
Madrid,01/01/2022,100
Madrid,01/01/2022,100
Madrid,01/01/2022,100
Madrid,01/01/2022,100
Madrid,01/01/2022,100
Madrid,01/01/2022,100
Madrid,01/01/2022,100
Madrid,01/01/2022,100
Madrid,01/01/2022,100
Madrid,01/01/2022,100
Madrid,01/01/2022,100
Madrid,01/01/2022,100
Madrid,01/01/2022,100
Madrid,01/01/2022,100
Madrid,01/01/2022,100
Madrid,01/01/2022,100
Madrid,01/01/2022,100
Madrid,01/01/2022,100
Madrid,01/01/2022,100
Madrid,01/01/2022,100
Madrid,01/01/2022,100
Madrid,01/01/2022,100
Madrid,01/01/2022,100
Madrid,01/01/2022,100
Madrid,01/01/2022,100
Madrid,01/01/2022,100
Madrid,01/01/2022,100
Madrid,01/01/2022,100
Madrid,01/01/2022,100
Madrid,01/01/2022,100
Madrid,01/01/2022,100
Madrid,01/01/2022,100
Madrid,01/01/2022,100
Madrid,01/01/2022,100
Madrid,01/01/2022,100
Madrid,01/01/2022,100
Madrid,01/01/2022,100
Madrid,01/01/2022,100
Madrid,01/01/2022,100
Madrid,01/01/2022,100
Madrid,01/01/2022,100
Madrid,01/01/2022,100
Madrid,01/01/2022,100
Madrid,01/01/2022,100
Madrid,01/01/2022,100
Madrid,01/01/2022,100
Madrid,01/01/2022,100
Madrid,01/01/2022,100
Madrid,01/01/2022,100
Madrid,01/01/2022,100
Madrid,01/01/2022,100
Madrid,01/01/2022,100
Madrid,01/01/2022,100
Madrid,01/01/2022,100
Madrid,01/01/2022,100
Madrid,01/01/2022,100
Madrid,01/01/2022,100
Madrid,01/01/2022,100
Madrid,01/01/2022,100
Madrid,01/01/2022,100
Madrid,01/01/2022,100
Madrid,01/01/2022,100
Madrid,01/01/2022,100
Madrid,01/01/2022,100
Madrid,01/01/2022,100
Madrid,01/01/2022,100
Madrid,01/01/2022,100
Madrid,01/01/2022,100
Madrid,01/01/2022,100
Madrid,01/01/2022,100
Madrid,01/01/2022,100
Madrid,01/01/2022,100
Madrid,01/01/2022,100
Madrid,01/01/2022,100
Madrid,01/01/2022,100
Madrid,01/01/2022,100
Madrid,01/01/2022,100
Madrid,01/01/2022,100
Madrid,01/01/2022,100
Madrid,01/01/2022,100
Madrid,01/01/2022,100
Madrid,01/01/2022,100
Madrid,01/01/2022,100
Madrid,01/01/2022,100
Madrid,01/01/2022,100
Madrid,01/01/2022,100
Madrid,01/01/2022,100
Madrid,01/01/2022,100
Madrid,01/01/2022,100
Madrid,01/01/2022,100
Madrid,01/01/2022,100
Madrid,01/01/2022,100
Madrid,01/01/2022,100
Madrid,01/01/2022,100
Madrid,01/01/2022,100
Madrid,01/01/2022,100
Madrid,01/01/2022,100
Madrid,01/01/2022,100
Madrid,01/01/2022,100
Madrid,01/01/2022,100
Madrid,01/01/2022,100
Madrid,01/01/2022,100
Madrid,01/01/2022,100
Madrid,01/01/2022,100
Madrid,01/01/2022,100
Madrid,01/01/2022,100
Madrid,01/01/2022,100
Madrid,01/01/2022,100
Madrid,01/01/2022,100
Madrid,01/01/2022,100
Madrid,01/01/2022,100
Madrid,01/01/2022,100
Madrid,01/01/2022,100
Madrid,01/01/2022,100
Madrid,01/01/2022,100
Madrid,01/01/2022,100
Madrid,01/01/2022,100
Madrid,01/01/2022,100
Madrid,01/01/2022,100
Madrid,01/01/2022,100
Madrid,01/01/2022,100
Madrid,01/01/2022,100
Madrid,01/01/2022,100
Madrid,01/01/2022,100
Madrid,01/01/2022,100
Madrid,01/01/2022,100
Madrid,01/01/2022,100
Madrid,01/01/2022,100
Madrid,01/01/2022,100
Madrid,01/01/2022,100
Madrid,01/01/2022,100
Madrid,01/01/2022,100
Madrid,01/01/2022,100
Madrid,01/01/2022,100
Madrid,01/01/2022,100
Madrid,01/01/2022,100
Madrid,01/01/2022,100
Madrid,01/01/2022,100
Madrid,01/01/2022,100
Madrid,01/01/2022,100
Madrid,01/01/2022,100
Madrid,01/01/2022,100
Madrid,01/01/2022,100
Madrid,01/01/2022,100
Madrid,01/01/2022,100
Madrid,01/01/2022,100
Madrid,01/01/2022,100
Madrid,01/01/2022,100
Madrid,01/01/2022,100
Madrid,01/01/2022,100
Madrid,01/01/2022,100
Madrid,01/01/2022,100
Madrid,01/01/2022,100
Madrid,01/01/2022,100
Madrid,01/01/2022,100
Madrid,01/01/2022,100
Madrid,01/01/2022,100
Madrid,01/01/2022,100
Madrid,01/01/2022,100
Madrid,01/01/2022,100
Madrid,01/01/2022,100
Madrid,01/01/2022,100
Madrid,01/01/2022,100
Madrid,01/01/2022,100
Madrid,01/01/2022,100
Madrid,01/01/2022,100
Madrid,01/01/2022,100
Madrid,01/01/2022,100
Madrid,01/01/2022,100
Madrid,01/01/2022,100
Madrid,01/01/2022,100
Madrid,01/01/2022,100
Madrid,01/01/2022,100
Madrid,01/01/2022,100
Madrid,01/01/2022,100
Madrid,01/01/2022,100
Madrid,01/01/2022,100
Madrid,01/01/2022,100
Madrid,01/01/2022,100
Madrid,01/01/2022,100
Madrid,01/01/2022,100
Madrid,01/01/2022,100
Madrid,01/01/2022,100
Madrid,01/01/2022,100
Madrid,01/01/2022,100
Madrid,01/01/2022,100
Madrid,01/01/2022,100
Madrid,01/01/2022,100
Madrid,01/01/2022,100
Madrid,01/01/2022,100
Madrid,01/01/2022,100
Madrid,01/01/2022,100
Madrid,01/01/2022,100
Madrid,01/01/2022,100
Madrid,01/01/2022,100
Madrid,01/01/2022,100
Madrid,01/01/2022,100
Madrid,01/01/2022,100
Madrid,01/01/2022,100
Madrid,01/01/2022,100
Madrid,01/01/2022,100
Madrid,01/01/2022,100
Madrid,01/01/2022,100
Madrid,01/01/2022,100
Madrid,01/01/2022,100
Madrid,01/01/2022,100
Madrid,01/01/2022,100
Madrid,01/01/2022,100
Madrid,01/01/2022,100
Madrid,01/01/2022,100
Madrid,01/01/2022,100
Madrid,01/01/2022,100
Madrid,01/01/2022,100
Madrid,01/01/2022,100
Madrid,01/01/2022,100
Madrid,01/01/2022,100
Madrid,01/01/2022,100
Madrid,01/01/2022,100
Madrid,01/01/2022,100
Madrid,01/01/2022,100
Madrid,01/01/2022,100
Madrid,01/01/2022,100
Madrid,01/01/2022,100
Madrid,01/01/2022,100
Madrid,01/01/2022,100
Madrid,01/01/2022,100
Madrid,01/01/2022,100
Madrid,01/01/2022,100
Madrid,01/01/2022,100
Madrid,01/01/2022,100
